Cluster 1: DE30, DE40, DE80, DED2, DED4, DED5, DEE0
	.	0.0204100618804
	,	-0.0207256880426

Cluster 2: DE11, DE12, DE13, DE14, DE21, DE22, DE23, DE24, DE25, DE26, DE27, DEG0
	.	0.0865284456132
	,	-0.0895941502353

Cluster 3: DEA1, DEA2, DEB1, DEB2, DEB3, DEC0
	,	0.00139955305622
	.	-0.00139759704468

Cluster 4: DE50, DE60, DE71, DE72, DE73, DE91, DE92, DE93, DE94, DEA3, DEA4, DEA5, DEF0
	,	0.0960752016964
	.	-0.0988466040061

